-- Insert data to DEPT table
INSERT INTO DEPT
(DEPTNO, DNAME, LOC)
VALUES
(10, 'ACCOUNTING', 'NEW-YORK'),
(20, 'RESEARCH', 'DALLAS'),
(30, 'SALES', 'CHICAGO'),
(40, 'OPERATIONS', 'BOSTON');

-- Insert data to EMP table
INSERT INTO EMP
(EMPNO, ENAME, JOB, MGR, HIREDATE, SAL, COMM, DEPTNO, ROLEID)
VALUES
(7369, 'SMITH', 'CLERK', 7902, '1980-12-17', 800, NULL, 20, 4),
(7499, 'ALLEN', 'SALESMAN', 7698, '1981-02-20', 1600, 300, 30, 3),
(7521, 'WARD', 'SALESMAN', 7698, '1981-02-22', 1250, 500, 30, 3),
(7566, 'JONES', 'MANAGER', 7839, '1981-04-02', 2975, NULL, 20, 1),
(7654, 'MARTIN', 'SALESMAN', 7698, '1981-09-28', 1250, 1400, 30, 3),
(7698, 'BLAKE', 'MANAGER', 7839, '1981-05-01', 2850, NULL, 30, 1),
(7782, 'CLARK', 'MANAGER', 7839, '1981-06-09', 2450, NULL, 10, 1),
(7839, 'KING', 'PRESIDENT', NULL, '1981-11-17', 5000, NULL, 10, 1),
(7844, 'TURNER', 'SALESMAN', 7698, '1981-09-08', 1500, 0, 30, 3),
(7876, 'ADAMS', 'CLERK', 7788, '1987-09-23', 1100, NULL, 20, 4),
(7900, 'JAMES', 'CLERK', 7698, '1981-12-03', 950, NULL, 30, 4),
(7902, 'FORD', 'ANALYST', 7566, '1981-12-03', 3000, NULL, 20, 2),
(7934, 'MILLER', 'CLERK', 7782, '1982-01-23', 1300, NULL, 10, 4);

-- Insert data to PROJECTS table
INSERT INTO PROJECTS
(PROJNO, PROJNAME, STARTDATE, ENDDATE, DEPTNO)
VALUES
(1, 'ProjectA', '2020-01-01', '2020-12-31', 10),
(2, 'ProjectB', '2020-02-01', '2020-02-28', 20),
(3, 'ProjectC', '2020-03-01', '2020-04-30', 30);

-- Insert data to EMP_PROJECTS table
INSERT INTO EMP_PROJECTS
(EMPNO, PROJNO, STARTDATE, ENDDATE)
VALUES
(7369, 1, '2020-01-01', '2020-12-31'),
(7499, 2, '2020-02-01', '2020-02-28'),
(7521, 3, '2020-03-01', '2020-04-30');

-- Insert data to ROLES table
INSERT INTO ROLES
(ROLEID, ROLENAME)
VALUES
(1, 'Manager'),
(2, 'Analyst'),
(3, 'Salesman'),
(4, 'Clerk');